"Horodateur","Vous √™tes?","Quel √¢ge avez-vous ?","Quel est votre situation professionnelle ?","Avez-vous d√©j√† go√ªt√© au plat ""macaronis au ketchup"" ?","Si oui, donnez une appr√©ciation √† ce plat","Dans ce plat que pr√©f√©rez-vous ?","Avez-vous d√©j√† go√ªt√© au plat ""tagliatelles au saumon"" ?","Si oui, donnez une appr√©ciation √† ce plat","Dans ce plat que pr√©f√©rez-vous ?","Avez-vous d√©j√† go√ªt√© au plat ""fusilli au pesto"" ?","Si oui, donnez une appr√©ciation √† ce plat","Dans ce plat que pr√©f√©rez-vous ?","Avez-vous d√©j√† go√ªt√© au plat ""penne aux champignons"" ?","Si oui, donnez une appr√©ciation √† ce plat","Dans ce plat que pr√©f√©rez-vous ?","Avez-vous d√©j√† go√ªt√© au plat ""penne aux l√©gumes"" ?","Si oui, donnez une appr√©ciation √† ce plat","Dans ce plat que pr√©f√©rez-vous ?","Avez-vous d√©j√† go√ªt√© au plat ""tagliatelles √† la carbonara"" ?","Si oui, donnez une appr√©ciation √† ce plat","Dans ce plat que pr√©f√©rez-vous ?","Avez-vous d√©j√† go√ªt√© au plat ""spaghetti bolognaise"" ?","Si oui, donnez une appr√©ciation √† ce plat","Dans ce plat que pr√©f√©rez-vous ?","Avez-vous d√©j√† go√ªt√© au plat ""lasagnes"" ?","Si oui, donnez une appr√©ciation √† ce plat","Dans ce plat que pr√©f√©rez-vous ?","Avez-vous d√©j√† go√ªt√© au plat ""salade de p√¢tes"" ?","Si oui, donnez une appr√©ciation √† ce plat","Dans ce plat que pr√©f√©rez-vous ?","Avez-vous d√©j√† go√ªt√© au plat ""coquillettes au beurre"" ?","Si oui, donnez une appr√©ciation √† ce plat","Dans ce plat que pr√©f√©rez-vous ?","Avez-vous d√©j√† go√ªt√© au plat ""pennes au poulet"" ?","Si oui, donnez une appr√©ciation √† ce plat","Dans ce plat que pr√©f√©rez-vous ?","Avez-vous d√©j√† go√ªt√© au plat ""pennes au thon"" ?","Si oui, donnez une appr√©ciation √† ce plat","Dans ce plat que pr√©f√©rez-vous ?","Avez-vous d√©j√† go√ªt√© au plat ""spaghetti aux fruits de mer"" ?","Si oui, donnez une appr√©ciation √† ce plat","Dans ce plat que pr√©f√©rez-vous ?","Avez-vous d√©j√† go√ªt√© au plat ""linguine aux chorizos"" ?","Si oui, donnez une appr√©ciation √† ce plat","Dans ce plat que pr√©f√©rez-vous ?","Avez-vous d√©j√† go√ªt√© au plat ""macaroni cheese"" ?","Si oui, donnez une appr√©ciation √† ce plat","Dans ce plat que pr√©f√©rez-vous ?","Avez-vous d√©j√† go√ªt√© au plat ""raviolis au b≈ìuf"" ?","Si oui, donnez une appr√©ciation √† ce plat","Dans ce plat que pr√©f√©rez-vous ?","Avez-vous d√©j√† go√ªt√© au plat ""Cannelloni de viande"" ?","Si oui, donnez une appr√©ciation √† ce plat","Dans ce plat que pr√©f√©rez-vous ?","Avez-vous d√©j√† go√ªt√© au plat ""Gnocchis au thym"" ?","Si oui, donnez une appr√©ciation √† ce plat","Dans ce plat que pr√©f√©rez-vous ?","Avez-vous d√©j√† go√ªt√© au plat ""mafaldine au roquefort"" ?","Si oui, donnez une appr√©ciation √† ce plat","Dans ce plat que pr√©f√©rez-vous ?","Titre de votre plat de p√¢tes","Choisissez l‚ÄôURL d'un plat de p√¢tes que vous aimez ","Dans ce plat que pr√©f√©rez-vous ?"
"2019/11/21 12:28:59 PM UTC+1","Homme","18-25","Etudiant/Alternant","Oui","3","Autre","Oui","4","Accompagnement","Oui","5","Sauce","Oui","5","Accompagnement","Oui","3","Type de p√¢tes","Oui","4","Type de p√¢tes","Oui","4","Sauce","Oui","5","Accompagnement","Oui","2","Accompagnement","Oui","2","Aucun","Non","","Aucun","Non","","Aucun","Oui","5","Accompagnement","Oui","4","Accompagnement","Oui","3","Type de p√¢tes","Oui","2","Aucun","Oui","5","Type de p√¢tes","Non","","Aucun","Non","","Aucun","","http://www.kraftcanada.com/recettes/gnocchis-au-pesto-et-au-basilic-eclair-205793","Sauce"
"2019/11/21 12:34:52 PM UTC+1","Homme","26-35","Etudiant/Alternant","Non","5","Sauce","Oui","4","Type de p√¢tes","Non","1","Sauce","Oui","2","Accompagnement","Oui","3","Type de p√¢tes","Oui","3","Type de p√¢tes","Oui","4","Sauce","Oui","3","Sauce","Non","3","Autre","Oui","3","Type de p√¢tes","Oui","4","Sauce","Oui","4","Type de p√¢tes","Oui","5","Type de p√¢tes","Oui","5","Sauce","Oui","3","Sauce","Oui","5","Aucun","Oui","4","Sauce","Oui","3","Type de p√¢tes","Oui","4","Accompagnement","","https://www.privateaser.com/restaurant-groupe/top-restaurant-original-15e-arrondissement-paris-75015?gclid=Cj0KCQiAiNnuBRD3ARIsAM8KmltJbJ1fkHau2YGG3bCU11KnzZ9g257KlEnEB6gwhEeOIctqSjOj7y8aAnnIEALw_wcB","Sauce"
"2019/11/21 12:47:59 PM UTC+1","Homme","36-45","Salari√©","Oui","2","Aucun","Oui","4","Accompagnement","Oui","5","Sauce","Oui","4","Accompagnement","Oui","4","Type de p√¢tes","Oui","5","Accompagnement","Oui","5","Sauce","Oui","4","Accompagnement","Oui","4","Aucun","Oui","3","Type de p√¢tes","Oui","3","Accompagnement","Oui","2","Type de p√¢tes","Oui","3","Type de p√¢tes","Oui","3","Type de p√¢tes","Oui","3","Sauce","Oui","2","Aucun","Oui","3","Aucun","Non","","Aucun","Non","","Aucun","","https://www.marmiton.org/recettes/recette_pad-thai_11946.aspx","Accompagnement"
"2019/11/22 11:24:34 AM UTC+1","Homme","45-60","Cadre","Oui","3","Type de p√¢tes","Oui","1","Aucun","Oui","5","Sauce","Oui","1","Accompagnement","Oui","2","Accompagnement","Oui","5","Sauce","Oui","5","Sauce","Oui","5","Type de p√¢tes","Oui","4","Type de p√¢tes","Oui","4","Type de p√¢tes","Oui","4","Accompagnement","Oui","1","Aucun","Non","","Aucun","Oui","5","Accompagnement","Oui","4","Sauce","Oui","4","Sauce","Oui","4","Accompagnement","Oui","3","Type de p√¢tes","Oui","3","Sauce","","http://madame.lefigaro.fr/recettes/pates-tomate-060201-200395","Sauce"
"2019/11/22 11:28:03 AM UTC+1","Homme","18-25","Etudiant/Alternant","Oui","2","Type de p√¢tes","Oui","5","Sauce","Oui","4","Sauce","Oui","3","Autre","Oui","4","Accompagnement","Non","","Autre","Oui","3","Autre","Oui","5","Accompagnement","Oui","4","Accompagnement","Oui","2","Autre","Oui","4","Type de p√¢tes","Oui","3","Sauce","Oui","4","Accompagnement","Non","","Aucun","Oui","3","Sauce","Oui","3","Autre","Non","","Autre","Oui","2","Aucun","Non","","Autre","Tagliatelle au saumon ","http://tagliatelleausaumon.fr","Accompagnement"
"2019/11/22 11:40:09 AM UTC+1","Homme","18-25","Etudiant/Alternant","Non","1","Type de p√¢tes","Oui","4","Accompagnement","Oui","3","Sauce","Non","2","Type de p√¢tes","Oui","4","Accompagnement","Oui","5","Sauce","Oui","4","Sauce","Oui","5","Sauce","Oui","3","Type de p√¢tes","Oui","3","Type de p√¢tes","Oui","4","Accompagnement","Oui","5","Accompagnement","Oui","4","Sauce","Oui","4","Accompagnement","Oui","4","Sauce","Oui","4","Type de p√¢tes","Oui","5","Type de p√¢tes","Non","","Aucun","Oui","5","Sauce","j'ai pas d'id√©e  ","https://www.sciencesetavenir.fr/sante/cancer/cancer-le-risque-d-une-bouteille-d-alcool-compare-au-tabac_132695?utm_medium=Social&utm_source=Facebook&fbclid=IwAR35TmXmOKQVsQKPKLgrLdReQG6sVB77SK0tRksB2iss_QDyQu7kY0yiz-Q#Echobox=1574078817","Sauce"
"2019/11/22 11:41:48 AM UTC+1","Homme","18-25","Etudiant/Alternant","Oui","1","Aucun","Oui","5","Accompagnement","Oui","5","Sauce","Non","","Aucun","Non","","Aucun","Oui","4","Accompagnement","Oui","4","Accompagnement","Oui","5","Sauce","Oui","4","Accompagnement","Oui","4","Sauce","Oui","4","Accompagnement","Oui","4","Accompagnement","Non","","Aucun","Non","3","Aucun","Non","5","Sauce","Non","","Aucun","Oui","5","Type de p√¢tes","Oui","5","Type de p√¢tes","Non","5","Sauce","Tagliatelles au saumon et cr√®me fra√Æche","https://www.google.com/amp/s/www.cuisineaz.com/amp/recettes/tagliatelles-au-saumon-et-a-la-creme-2133.aspx","Accompagnement"
"2019/11/22 11:46:40 AM UTC+1","Homme","18-25","Troubadour de grand chemin","Oui","1","Sauce","Oui","5","Accompagnement","Oui","5","Sauce","Oui","3","Accompagnement","Non","","Aucun","Oui","3","Autre","Oui","3","Autre","Oui","5","Accompagnement","Oui","1","Autre","Oui","5","Accompagnement","Non","","Aucun","Oui","1","Aucun","Non","","Aucun","Oui","5","Accompagnement","Oui","5","Accompagnement","Oui","3","Type de p√¢tes","Non","1","Aucun","Non","","Type de p√¢tes","Non","","Aucun","P√¢tes √† prout","https://www.cdiscount.com/juniors/r-pate+a+prout.html#_his_","Aucun"
"2019/11/22 11:55:55 AM UTC+1","Homme","18-25","Etudiant/Alternant","Oui","5","Sauce","Oui","4","Type de p√¢tes","Oui","4","Sauce","Oui","5","Accompagnement","Oui","4","Type de p√¢tes","Oui","5","Sauce","Oui","5","Accompagnement","Oui","3","Aucun","Oui","2","Type de p√¢tes","Oui","5","Sauce","Oui","5","Accompagnement","Oui","4","Type de p√¢tes","Oui","5","Accompagnement","Oui","5","Accompagnement","Non","1","Type de p√¢tes","Oui","2","Aucun","Oui","4","Accompagnement","Oui","5","Type de p√¢tes","Non","1","Aucun","Gnocchi Poulet Champignon (sauce Moutarde Cr√®me Fraiche)","https://odelices.ouest-france.fr/recette/poulet-a-la-moutarde-r295/","Accompagnement"
"2019/11/22 12:10:25 PM UTC+1","Femme","18-25","Etudiant/Alternant","Oui","3","Accompagnement","Oui","1","Type de p√¢tes","Oui","5","Sauce","Oui","4","Sauce","Oui","5","Accompagnement","Oui","5","Accompagnement","Oui","3","Sauce","Oui","5","Sauce","Oui","4","Accompagnement","Oui","3","Type de p√¢tes","Oui","4","Accompagnement","Oui","2","Type de p√¢tes","Oui","4","Accompagnement","Oui","5","Accompagnement","Oui","5","Accompagnement","Oui","2","Type de p√¢tes","Non","","Aucun","Oui","4","Type de p√¢tes","Oui","5","Accompagnement","Pates sauce pesto rosso","https://www.google.com/url?sa=i&rct=j&q=&esrc=s&source=images&cd=&ved=2ahUKEwjBh_Lf1f3lAhU1AWMBHZapCsUQjRx6BAgBEAQ&url=https%3A%2F%2Fwww.elle.fr%2FLoisirs%2FSorties%2FQue-faire-a-Paris-le-week-end-du-20-21-et-22-septembre-3812470&psig=AOvVaw2DZ_2J_UXX14ddqUf84PH2&ust=1574506983118333","Sauce"
"2019/11/22 12:29:35 PM UTC+1","Femme","18-25","Salari√©","Oui","3","Type de p√¢tes","Oui","5","Accompagnement","Oui","2","Aucun","Non","","Type de p√¢tes","Oui","5","Autre","Oui","5","Autre","Oui","5","Accompagnement","Oui","5","Accompagnement","Oui","5","Autre","Oui","4","Type de p√¢tes","Oui","5","Accompagnement","Oui","5","Autre","Non","","Aucun","Non","","Aucun","Oui","3","Type de p√¢tes","Oui","4","Type de p√¢tes","Non","","Aucun","Non","","Aucun","Non","","Aucun","Raviolis basilic parmesan ","","Type de p√¢tes"
"2019/11/22 12:34:53 PM UTC+1","Femme","18-25","Salari√©","Oui","4","Type de p√¢tes","Oui","5","Sauce","Oui","4","Sauce","Oui","5","Sauce","Oui","4","Type de p√¢tes","Oui","5","Type de p√¢tes","Oui","2","Accompagnement","Oui","4","Accompagnement","Oui","2","Type de p√¢tes","Oui","4","Type de p√¢tes","Oui","5","Accompagnement","Oui","3","Type de p√¢tes","Oui","4","Type de p√¢tes","Oui","3","Accompagnement","Oui","4","Sauce","Oui","3","Type de p√¢tes","Oui","2","Type de p√¢tes","Oui","1","Aucun","Non","","Type de p√¢tes","Raviolis fromage","","Accompagnement"
"2019/11/22 12:42:58 PM UTC+1","Femme","18-25","Etudiant/Alternant","Oui","2","Accompagnement","Oui","5","Accompagnement","Oui","3","Sauce","Oui","4","Accompagnement","Oui","3","Accompagnement","Oui","5","Sauce","Oui","5","Sauce","Oui","5","Accompagnement","Oui","5","Accompagnement","Oui","4","Type de p√¢tes","Oui","2","Sauce","Oui","2","Aucun","Non","","Aucun","Non","","Aucun","Oui","1","Type de p√¢tes","Oui","2","Type de p√¢tes","Oui","3","Aucun","Non","","Aucun","Non","1","Aucun","Soupe au vermicelle ","","Type de p√¢tes"
"2019/11/22 12:57:44 PM UTC+1","Femme","18-25","Sans emploi","Oui","4","Sauce","Oui","4","Accompagnement","Non","","Aucun","Oui","4","Accompagnement","Non","","Aucun","Oui","4","Autre","Oui","4","Autre","Oui","4","Sauce","Oui","3","Accompagnement","Oui","4","Type de p√¢tes","Oui","4","Accompagnement","Oui","4","Accompagnement","Non","","Aucun","Non","","Aucun","Oui","4","Accompagnement","Oui","4","Accompagnement","Oui","4","Sauce","Non","","Aucun","Non","","Aucun","Coquillette gruy√®re ketchup","","Accompagnement"
"2019/11/22 1:02:19 PM UTC+1","Femme","18-25","Etudiant/Alternant","Oui","2","Type de p√¢tes","Oui","5","Sauce","Oui","3","Accompagnement","Oui","5","Sauce","Oui","4","Accompagnement","Oui","5","Autre","Oui","4","Sauce","Oui","5","Autre","Oui","2","Autre","Oui","4","Type de p√¢tes","Oui","3","Accompagnement","Oui","3","Sauce","Oui","5","Accompagnement","Non","","Autre","Non","3","Type de p√¢tes","Oui","5","Accompagnement","Oui","5","Sauce","Oui","5","Autre","Non","3","Autre","Linguinis c√®pes truffe ","","Sauce"
"2019/11/22 1:36:05 PM UTC+1","Homme","18-25","Salari√©","Oui","3","Accompagnement","Oui","4","Accompagnement","Oui","5","Sauce","Oui","5","Sauce","Oui","3","Aucun","Oui","5","Sauce","Oui","4","Accompagnement","Oui","5","Type de p√¢tes","Oui","4","Accompagnement","Oui","5","Type de p√¢tes","Oui","4","Accompagnement","Non","","Type de p√¢tes","Non","","Accompagnement","Oui","2","Type de p√¢tes","Oui","5","Accompagnement","Oui","4","Type de p√¢tes","Oui","5","Type de p√¢tes","Non","","Aucun","Non","","Aucun","P√¢tes carbo","","Sauce"
"2019/11/22 1:40:43 PM UTC+1","Homme","18-25","Salari√©","Oui","5","Sauce","Oui","4","Accompagnement","Oui","5","Sauce","Oui","5","Type de p√¢tes","Oui","4","Accompagnement","Oui","5","Accompagnement","Oui","5","Type de p√¢tes","Oui","4","Accompagnement","Oui","3","Accompagnement","Oui","3","Type de p√¢tes","Oui","4","Accompagnement","Oui","3","Type de p√¢tes","Oui","4","Accompagnement","Non","","Aucun","Oui","5","Sauce","Oui","2","Aucun","Oui","4","Accompagnement","Non","","Aucun","Oui","5","Accompagnement","P√¢te au pesto vert","","Sauce"
"2019/11/22 1:45:58 PM UTC+1","Homme","18-25","Etudiant/Alternant","Non","","Aucun","Oui","4","Accompagnement","Oui","2","Type de p√¢tes","Oui","5","Accompagnement","Oui","4","Sauce","Oui","3","Autre","Oui","3","Accompagnement","Oui","3","Type de p√¢tes","Oui","1","Aucun","Oui","2","Sauce","Oui","5","Accompagnement","Oui","3","Accompagnement","Non","","Aucun","Oui","2","Aucun","Oui","3","Accompagnement","Non","","Aucun","Non","","Aucun","Non","","Aucun","Non","","Aucun","Pates au beurre ","","Accompagnement"
"2019/11/22 5:31:01 PM UTC+1","Femme","18-25","Salari√©","Non","","Aucun","Oui","3","Sauce","Non","","Aucun","Non","","Aucun","Non","","Aucun","Oui","5","Sauce","Oui","5","Accompagnement","Oui","5","Aucun","Oui","4","Autre","Oui","4","Autre","Non","","Aucun","Oui","4","Type de p√¢tes","Non","","Aucun","Non","","Aucun","Non","","Aucun","Oui","3","Aucun","Oui","3","Aucun","Non","","Aucun","Non","","Aucun","Je n‚Äôai pas compris la question ","","Aucun"
"2019/11/22 5:38:12 PM UTC+1","Femme","18-25","Etudiant/Alternant","Oui","5","Accompagnement","Oui","5","Accompagnement","Non","","Aucun","Oui","5","Accompagnement","Oui","3","Accompagnement","Oui","4","Accompagnement","Oui","2","Accompagnement","Oui","5","Sauce","Oui","1","Aucun","Oui","5","Sauce","Oui","5","Accompagnement","Oui","5","Accompagnement","Oui","5","Accompagnement","Oui","5","Accompagnement","Oui","5","Accompagnement","Non","1","Aucun","Non","","Aucun","Non","","Aucun","Non","","Aucun","Tagliatelles au saumon ‚ù§Ô∏è","https://www.marmiton.org/recettes/recette_tagliatelles-au-saumon-frais_11354.aspx","Accompagnement"
"2019/11/23 2:58:24 PM UTC+1","Homme","18-25","Etudiant/Alternant","Non","1","Aucun","Oui","4","Accompagnement","Oui","4","Sauce","Oui","4","Sauce","Oui","4","Accompagnement","Oui","4","Sauce","Oui","3","Sauce","Oui","3","Sauce","Oui","4","Accompagnement","Oui","2","Aucun","Oui","4","Accompagnement","Oui","4","Accompagnement","Oui","5","Accompagnement","Non","","Aucun","Oui","3","Aucun","Non","","Aucun","Non","","Aucun","Non","","Type de p√¢tes","Non","","Accompagnement","des p√¢tes c'est des p√¢tes","https://www.buzzfeed.com/fr/assmamaad/plein-de-gens-trouvent-que-le-steak-de-mamoudou-sakho-est-de","Aucun"
"2019/11/24 1:11:39 PM UTC+1","Homme","18-25","Etudiant/Alternant","Oui","3","Type de p√¢tes","Oui","5","Autre","Oui","4","Sauce","Oui","5","Autre","Oui","4","Accompagnement","Oui","5","Autre","Oui","5","Sauce","Oui","5","Accompagnement","Oui","4","Autre","Oui","2","Type de p√¢tes","Oui","4","Accompagnement","Oui","4","Accompagnement","Oui","4","Accompagnement","Oui","4","Accompagnement","Oui","4","Sauce","Oui","4","Autre","Oui","5","Accompagnement","Oui","4","Type de p√¢tes","Oui","4","Sauce","Gnochi poulet moutarde","https://www.google.com/search?q=gnocchi+poulet+moutarde&client=ms-android-samsung&prmd=sivn&sxsrf=ACYBGNR7LolFj0_SRoNghT_CC4e51zRuMg:1574597477563&source=lnms&tbm=isch&sa=X&ved=2ahUKEwiZwMHa6ILmAhXyA2MBHdpEAk0Q_AUoAnoECA8QAg&biw=360&bih=612&dpr=3#imgrc=R2VzGTsQ_mnwBM","Sauce"
"2019/11/25 7:32:41 PM UTC+1","Homme","18-25","Etudiant/Alternant","Oui","2","Aucun","Oui","4","Type de p√¢tes","Oui","4","Type de p√¢tes","Oui","4","Sauce","Oui","4","Accompagnement","Oui","3","Type de p√¢tes","Oui","4","Type de p√¢tes","Oui","4","Accompagnement","Oui","5","Accompagnement","Oui","2","Aucun","Oui","4","Type de p√¢tes","Oui","3","Aucun","Oui","4","Accompagnement","Non","","Aucun","Oui","2","Aucun","Oui","2","Aucun","Non","","Aucun","Oui","4","Type de p√¢tes","Oui","4","Sauce","Tagliatelles poulet Curry","","Sauce"
"2019/11/29 9:40:30 AM UTC+1","Femme","18-25","Etudiant/Alternant","Non","","Aucun","Non","","Aucun","Oui","3","Sauce","Non","","Aucun","Non","","Aucun","Oui","5","Type de p√¢tes","Oui","5","Accompagnement","Oui","5","Sauce","Oui","4","Accompagnement","Oui","3","Type de p√¢tes","Oui","3","Accompagnement","Oui","4","Accompagnement","Oui","4","Sauce","Non","","Aucun","Oui","5","Type de p√¢tes","Oui","3","Type de p√¢tes","Non","","Aucun","Non","","Aucun","Non","","Aucun","Lasagnes ","","Type de p√¢tes"
"2019/11/29 9:44:52 AM UTC+1","Homme","26-35","Auto-Entrepreneur","Oui","1","Type de p√¢tes","Oui","3","Type de p√¢tes","Oui","5","Sauce","Non","3","Accompagnement","Non","","Type de p√¢tes","Oui","5","Sauce","Oui","2","Type de p√¢tes","Oui","3","Accompagnement","Oui","4","Accompagnement","Oui","2","Aucun","Non","","Type de p√¢tes","Non","","Aucun","Non","","Aucun","Non","","Accompagnement","Oui","5","Accompagnement","Oui","2","Aucun","Oui","3","Type de p√¢tes","Non","","Aucun","Oui","4","Accompagnement","Spagetti au pesto ","","Sauce"
"2019/11/29 9:46:41 AM UTC+1","Homme","18-25","Coucou Medas Paris üòò (Medas Nantes)","Oui","4","Type de p√¢tes","Oui","5","Type de p√¢tes","Oui","2","Aucun","Oui","5","Type de p√¢tes","Non","2","Sauce","Oui","5","Type de p√¢tes","Oui","4","Type de p√¢tes","Oui","3","Accompagnement","Oui","3","Accompagnement","Oui","3","Type de p√¢tes","Oui","4","Type de p√¢tes","Oui","4","Type de p√¢tes","Oui","4","Sauce","Oui","5","Accompagnement","Oui","3","Type de p√¢tes","Oui","2","Aucun","Oui","1","Aucun","Oui","3","Type de p√¢tes","Oui","5","Sauce","Penne","","Sauce"
"2019/11/29 9:56:25 AM UTC+1","Femme","18-25","Etudiant/Alternant","Oui","3","Type de p√¢tes","Oui","4","Sauce","Oui","4","Sauce","Oui","3","Accompagnement","Oui","3","Autre","Non","","Aucun","Oui","4","Autre","Oui","5","Sauce","Oui","3","Accompagnement","Oui","4","Type de p√¢tes","Oui","3","Autre","Oui","3","Sauce","Oui","4","Sauce","Non","","Aucun","Oui","4","Sauce","Oui","4","Accompagnement","Oui","4","Type de p√¢tes","Non","","Aucun","Oui","3","Sauce","tagliatelles au saumon  ","","Sauce"
"2019/11/29 10:10:14 AM UTC+1","Femme","18-25","Etudiant/Alternant","Oui","3","Aucun","Oui","3","Sauce","Non","","Sauce","Oui","5","Sauce","Oui","3","Sauce","Oui","1","Type de p√¢tes","Oui","5","Sauce","Oui","5","Sauce","Oui","3","Accompagnement","Oui","4","Sauce","Oui","5","Sauce","Oui","4","Sauce","Non","","Type de p√¢tes","Non","1","Type de p√¢tes","Oui","4","Sauce","Non","","Sauce","Non","","Type de p√¢tes","Non","","Type de p√¢tes","Oui","5","Sauce","Pates aux champignons ","","Sauce"
"2019/11/29 10:41:55 AM UTC+1","Femme","18-25","Etudiant/Alternant","Non","","Aucun","Oui","5","Accompagnement","Non","","Aucun","Oui","3","Sauce","Oui","4","Accompagnement","Oui","4","Accompagnement","Oui","4","Sauce","Oui","3","Accompagnement","Oui","2","Aucun","Oui","4","Sauce","Oui","4","Accompagnement","Oui","4","Accompagnement","Non","","Aucun","Non","","Aucun","Oui","3","Sauce","Oui","3","Accompagnement","Non","3","Accompagnement","Non","","Aucun","Non","","Aucun","P√¢tes au beurre","","Sauce"
"2019/11/29 10:45:00 AM UTC+1","Femme","18-25","Etudiant/Alternant","Oui","2","Aucun","Oui","5","Accompagnement","Oui","1","Aucun","Non","","Aucun","Non","","Aucun","Oui","5","Accompagnement","Oui","3","Aucun","Oui","1","Aucun","Oui","4","Aucun","Oui","3","Aucun","Oui","4","Accompagnement","Oui","4","Aucun","Oui","3","Aucun","Non","","Aucun","Oui","4","Aucun","Oui","3","Aucun","Oui","3","Aucun","Non","","Aucun","Non","","Aucun","Carbonara","","Accompagnement"
"2019/11/29 1:45:46 PM UTC+1","Homme","18-25","Etudiant/Alternant","Non","","Accompagnement","Oui","4","Accompagnement","Oui","3","Type de p√¢tes","Oui","2","Sauce","Non","","Type de p√¢tes","Oui","3","Accompagnement","Oui","3","Accompagnement","Oui","4","Type de p√¢tes","Oui","2","Type de p√¢tes","Oui","3","Type de p√¢tes","Oui","3","Accompagnement","Oui","4","Accompagnement","Non","","Aucun","Non","","Aucun","Non","","Aucun","Oui","2","Type de p√¢tes","Oui","3","Accompagnement","Non","","Type de p√¢tes","Non","","Aucun","Nouilles instantann√©es","","Autre"
"2019/11/29 10:45:48 PM UTC+1","Femme","18-25","Etudiant/Alternant","Oui","4","Type de p√¢tes","Oui","5","Accompagnement","Oui","3","Type de p√¢tes","Oui","4","Type de p√¢tes","Oui","4","Accompagnement","Oui","5","Sauce","Oui","5","Sauce","Oui","5","Sauce","Oui","4","Accompagnement","Oui","5","Type de p√¢tes","Oui","4","Type de p√¢tes","Oui","5","Accompagnement","Oui","3","Type de p√¢tes","Oui","4","Sauce","Oui","5","Accompagnement","Oui","5","Accompagnement","Oui","4","Accompagnement","Non","","Type de p√¢tes","Non","","Type de p√¢tes","Bolognaise","","Accompagnement"
"2019/11/29 11:01:17 PM UTC+1","Femme","18-25","Salari√©","Oui","1","Aucun","Oui","4","Accompagnement","Oui","5","Sauce","Oui","5","Accompagnement","Oui","3","Type de p√¢tes","Oui","5","Accompagnement","Oui","3","Aucun","Oui","5","Sauce","Oui","3","Accompagnement","Oui","5","Type de p√¢tes","Oui","2","Type de p√¢tes","Non","","Type de p√¢tes","Non","","Type de p√¢tes","Non","","Aucun","Oui","5","Accompagnement","Oui","2","Type de p√¢tes","Oui","3","Accompagnement","Non","","Type de p√¢tes","Non","","Aucun","Gratin de coquillettes","","Sauce"
"2019/12/01 4:02:09 PM UTC+1","Homme","18-25","Etudiant/Alternant","Oui","5","Sauce","Oui","5","Sauce","Oui","5","Sauce","Oui","4","Accompagnement","Non","","Aucun","Oui","5","Autre","Oui","5","Sauce","Oui","5","Type de p√¢tes","Oui","2","Accompagnement","Oui","3","Aucun","Oui","5","Type de p√¢tes","Non","","Type de p√¢tes","Non","","Aucun","Oui","4","Sauce","Oui","5","Type de p√¢tes","Oui","4","Type de p√¢tes","Oui","4","Type de p√¢tes","Non","","Aucun","Non","","Type de p√¢tes","Penne bolognaise ","","Sauce"
"2019/12/01 4:14:31 PM UTC+1","Femme","18-25","Etudiant/Alternant","Oui","2","Aucun","Non","","Type de p√¢tes","Oui","5","Sauce","Oui","2","Type de p√¢tes","Non","2","Accompagnement","Oui","5","Accompagnement","Oui","3","Accompagnement","Oui","3","Sauce","Oui","2","Accompagnement","Oui","3","Sauce","Oui","4","Accompagnement","Non","","Type de p√¢tes","Non","","Aucun","Oui","2","Accompagnement","Oui","3","Sauce","Oui","3","Type de p√¢tes","Non","","Aucun","Oui","4","Accompagnement","Non","","Aucun","P√¢tes au pesto","","Sauce"
"2019/12/01 6:20:57 PM UTC+1","Homme","18-25","Etudiant/Alternant","Non","","Aucun","Oui","5","Sauce","Oui","5","Sauce","Oui","5","Accompagnement","Oui","3","Type de p√¢tes","Oui","5","Accompagnement","Oui","5","Type de p√¢tes","Oui","5","Accompagnement","Oui","3","Accompagnement","Oui","3","Aucun","Oui","4","Accompagnement","Oui","5","Accompagnement","Non","","Type de p√¢tes","Oui","5","Accompagnement","Non","","Sauce","Oui","4","Accompagnement","Non","","Sauce","Oui","4","Sauce","Oui","4","Accompagnement","P√¢tes foresti√®res ","","Sauce"
"2019/12/12 11:41:55 AM UTC+1","Femme","18-25","Etudiant/Alternant","Oui","2","Type de p√¢tes","Oui","5","Sauce","Oui","3","Accompagnement","Oui","5","Accompagnement","Oui","4","Sauce","Oui","5","Sauce","Oui","5","Sauce","Oui","5","Sauce","Oui","3","Accompagnement","Oui","4","Autre","Oui","3","Accompagnement","Oui","2","Type de p√¢tes","Oui","5","Accompagnement","Non","","Aucun","Non","","Aucun","Oui","4","Accompagnement","Oui","4","Accompagnement","Non","","Aucun","Non","","Aucun","Linguinis cr√®me de parmesan et jambon truff√©","","Autre"
"2019/12/12 11:42:05 AM UTC+1","Homme","18-25","Etudiant/Alternant","Oui","4","Aucun","Non","","Aucun","Oui","4","Sauce","Oui","5","Accompagnement","Oui","2","Type de p√¢tes","Non","","Aucun","Oui","5","Accompagnement","Oui","3","Accompagnement","Oui","3","Accompagnement","Oui","4","Sauce","Non","","Aucun","Non","","Aucun","Non","","Aucun","Non","","Aucun","Non","","Aucun","Non","","Aucun","Non","","Aucun","Non","","Aucun","Oui","4","Sauce","Ravioli c√®pes + truffe","","Accompagnement"
"2019/12/12 11:50:34 AM UTC+1","Femme","18-25","Etudiant/Alternant","Oui","5","Type de p√¢tes","Oui","5","Accompagnement","Oui","5","Sauce","Oui","5","Accompagnement","Non","","Type de p√¢tes","Oui","5","Sauce","Oui","5","Accompagnement","Oui","5","Accompagnement","Oui","4","Type de p√¢tes","Oui","4","Type de p√¢tes","Oui","5","Accompagnement","Non","","Aucun","Non","","Aucun","Oui","5","Accompagnement","Oui","5","Accompagnement","Non","","Aucun","Oui","4","Type de p√¢tes","Non","","Aucun","Non","","Aucun","Gnocchi au poulet curry","https://fr.depositphotos.com/187365666/stock-photo-fried-gnocchi-chicken-curry.html","Accompagnement"
"2019/12/12 11:53:34 AM UTC+1","Femme","18-25","Salari√©","Oui","4","Sauce","Oui","4","Accompagnement","Oui","2","Aucun","Non","1","Aucun","Oui","3","Accompagnement","Oui","5","Accompagnement","Oui","5","Sauce","Oui","5","Accompagnement","Non","1","Aucun","Oui","3","Autre","Non","3","Autre","Non","3","Autre","Non","3","Accompagnement","Non","1","Aucun","Oui","5","Accompagnement","Oui","5","Accompagnement","Non","3","Accompagnement","Non","3","Autre","Oui","5","Accompagnement","P√¢tes au gorgonzola ","https://www.marmiton.org/recettes/recette_penne-au-gorgonzola_56839.aspx","Accompagnement"
"2019/12/12 12:11:25 PM UTC+1","Homme","61 et +","Etudiant/Alternant","Oui","1","Aucun","Oui","5","Accompagnement","Oui","2","Sauce","Oui","5","Accompagnement","Oui","5","Accompagnement","Oui","5","Accompagnement","Oui","5","Sauce","Oui","5","Aucun","Oui","3","Accompagnement","Oui","1","Aucun","Oui","3","Accompagnement","Oui","1","Aucun","Oui","4","Accompagnement","Non","","Type de p√¢tes","Oui","5","Type de p√¢tes","Oui","5","Type de p√¢tes","Oui","4","Type de p√¢tes","Oui","2","Autre","Oui","5","Sauce","Les p√¢tes aux caillous","","Accompagnement"
"2019/12/12 8:08:52 PM UTC+1","Homme","26-35","Etudiant/Alternant","Non","","Aucun","Non","","Type de p√¢tes","Oui","2","Type de p√¢tes","Oui","4","Sauce","Non","3","Type de p√¢tes","Oui","5","Accompagnement","Oui","4","Sauce","Oui","5","Sauce","Oui","3","Type de p√¢tes","Oui","3","Autre","Oui","5","Accompagnement","Oui","2","Type de p√¢tes","Oui","5","Accompagnement","Non","5","Accompagnement","Oui","5","Sauce","Oui","5","Type de p√¢tes","Oui","5","Accompagnement","Oui","5","Type de p√¢tes","Non","5","Sauce","penne huile d'olive, oeuf, blanc de dinde, blanc de poulet, ","","Accompagnement"